interval_start;interval_end;movimento;Auto;Bus;Cam.;Moto;Bici.;UVP
07:30:00.000000000;07:45:00.000000000;1;131;6;1;16;1;154.0
07:45:00.000000000;08:00:00.000000000;1;142;9;0;33;0;174.0
08:00:00.000000000;08:15:00.000000000;1;118;12;0;17;2;155.0
08:15:00.000000000;08:30:00.000000000;1;80;12;2;16;0;119.0
07:30:00.000000000;07:45:00.000000000;2;40;0;1;12;0;46.0
07:45:00.000000000;08:00:00.000000000;2;47;0;0;8;0;49.0
08:00:00.000000000;08:15:00.000000000;2;40;0;0;10;0;43.0
08:15:00.000000000;08:30:00.000000000;2;41;0;1;6;0;45.0
